emoji	subgroup	drawable
🍇	food-fruit	yes
🍈	food-fruit	yes
🍉	food-fruit	yes
🍊	food-fruit	yes
🍋	food-fruit	yes
🍋‍🟩	food-fruit	yes
🍌	food-fruit	yes
🍍	food-fruit	yes
🥭	food-fruit	yes
🍎	food-fruit	yes
🍏	food-fruit	yes
🍐	food-fruit	yes
🍑	food-fruit	yes
🍒	food-fruit	yes
🍓	food-fruit	yes
🫐	food-fruit	yes
🥝	food-fruit	yes
🍅	food-fruit	yes
🫒	food-fruit	yes
🥥	food-fruit	yes
🥑	food-vegetable	yes
🍆	food-vegetable	yes
🥔	food-vegetable	yes
🥕	food-vegetable	yes
🌽	food-vegetable	yes
🌶️	food-vegetable	yes
🫑	food-vegetable	yes
🥒	food-vegetable	yes
🫝	food-vegetable	yes
🥬	food-vegetable	yes
🥦	food-vegetable	yes
🧄	food-vegetable	yes
🧅	food-vegetable	yes
🥜	food-vegetable	yes
🫘	food-vegetable	yes
🌰	food-vegetable	yes
🫚	food-vegetable	yes
🫛	food-vegetable	yes
🍄‍🟫	food-vegetable	yes
🫜	food-vegetable	yes
🍞	food-prepared	yes
🥐	food-prepared	yes
🥖	food-prepared	yes
🫓	food-prepared	yes
🥨	food-prepared	yes
🥯	food-prepared	yes
🥞	food-prepared	yes
🧇	food-prepared	yes
🧀	food-prepared	yes
🍖	food-prepared	yes
🍗	food-prepared	yes
🥩	food-prepared	yes
🥓	food-prepared	yes
🍔	food-prepared	yes
🍟	food-prepared	yes
🍕	food-prepared	yes
🌭	food-prepared	yes
🥪	food-prepared	yes
🌮	food-prepared	yes
🌯	food-prepared	yes
🫔	food-prepared	yes
🥙	food-prepared	yes
🧆	food-prepared	yes
🥚	food-prepared	yes
🍳	food-prepared	yes
🥘	food-prepared	yes
🍲	food-prepared	yes
🫕	food-prepared	yes
🥣	food-prepared	yes
🥗	food-prepared	yes
🍿	food-prepared	yes
🧈	food-prepared	yes
🧂	food-prepared	no
🥫	food-prepared	yes
🍱	food-asian	yes
🍘	food-asian	yes
🍙	food-asian	yes
🍚	food-asian	yes
🍛	food-asian	yes
🍜	food-asian	yes
🍝	food-asian	yes
🍠	food-asian	yes
🍢	food-asian	yes
🍣	food-asian	yes
🍤	food-asian	yes
🍥	food-asian	yes
🥮	food-asian	yes
🍡	food-asian	yes
🥟	food-asian	yes
🥠	food-asian	yes
🥡	food-asian	yes
🍦	food-sweet	yes
🍧	food-sweet	yes
🍨	food-sweet	yes
🍩	food-sweet	yes
🍪	food-sweet	yes
🎂	food-sweet	yes
🍰	food-sweet	yes
🧁	food-sweet	yes
🥧	food-sweet	yes
🍫	food-sweet	yes
🍬	food-sweet	yes
🍭	food-sweet	yes
🍮	food-sweet	yes
🍯	food-sweet	yes
🍼	drink	yes
🥛	drink	yes
☕	drink	yes
🫖	drink	yes
🍵	drink	yes
🍶	drink	yes
🍾	drink	yes
🍷	drink	yes
🍸	drink	yes
🍹	drink	yes
🍺	drink	yes
🍻	drink	yes
🥂	drink	yes
🥃	drink	yes
🫗	drink	yes
🥤	drink	yes
🧋	drink	yes
🧃	drink	yes
🧉	drink	yes
🧊	drink	yes
🥢	dishware	no
🍽️	dishware	no
🍴	dishware	no
🥄	dishware	no
🔪	dishware	no
🫙	dishware	no
🏺	dishware	no
