thing_id	name	aliases	type	room_id	quantity	takeable	droppable	cross_weight	max_per_player	requires	present_when	transforms_to	transform_room	yields	destination_room_id	contained_in	use_cooldown_hours	since_drop	sort_order
alexa	Alexa	smart speaker|speaker|echo	fixture	ALL	1	no	yes	0										1	1
eunoia	cat	cat|black cat|kitty|kitten|eunoia	fixture	ALL	1	no	yes	0										1	0
lumber	stack of lumber	lumber|planks|plank|wood	object	EN	many	no	yes	0			!stairs_repaired						48	1	2
intercom	intercom	intercom|door buzzer|buzzer	fixture	EN	1	no	yes	0										1	3
amazon_box	Amazon box	amazon box|box|parcel|package	fixture	EN	1	no	yes	0										1	4
spice_jar	spice jar	spice|spice jar|jar of spice	object	EN	0	yes	yes	1								amazon_box		1	5
ornate_mirror	ornate mirror	ornate mirror|mirror|hall mirror	fixture	EN	1	no	yes	0										1	6
bulletin_board	bulletin board	bulletin board|board|cork board|notes	fixture	EN	1	no	yes	0										1	7
stroller	stroller	stroller|pram|buggy	fixture	EN	1	no	yes	0										1	8
shoes	pile of shoes	shoes|boots|pile of shoes	fixture	EN	1	no	yes	0										1	9
booties	knit booties	booties|baby booties|knit booties	fixture	EN	1	no	yes	0										1	10
candy_bowl	bowl of Halloween candy	candy bowl|bowl of candy|bowl|halloween candy|candy|sweets	source	DI	1	no	yes	0						candy				1	11
candy	piece of candy	candy|piece of candy|sweet|chocolate bar	object		0	yes	yes	1										1	12
to_do_list	to-do list	to-do list|todo list|to do list|list	fixture	DI	1	no	yes	0								sideboard		1	13
david_journal_page	journal page	journal page|david's journal|page	fixture	DI	1	no	yes	0								dining_table		1	14
silver_spoon	silver baby spoon	spoon|silver spoon|baby spoon	object	DI	1	yes	yes	1										1	15
candle_stub	candle stub	candle|candle stub|stub	object	DI	1	yes	yes	1										1	16
stove	cast-iron stove	stove|range|oven|burner	fixture	KI	1	no	yes	0		herbs|dark_chocolate|spice_jar								1	17
sink	kitchen sink	sink|basin|tap|faucet	fixture	KI	1	no	yes	0										1	18
coffee_maker	Keurig	keurig|coffee maker|coffee machine|coffee|pods|pod|k-cup|k-cups|mug	fixture	KI	1	no	yes	0										1	19
trash_can	trash can	trash can|bin|rubbish bin|garbage|trash bin|trash|garbage bin|garbage can	fixture	KI	1	no	yes	0										1	20
pasta_pot	pasta pot	pasta pot|stockpot|big pot	fixture	KI	1	no	yes	0										1	21
chip_box	box of tortilla chips	case of chips|chip case|chips|tortilla chips|nachos|case of tortilla chips|chip box|box|bulk box|bulk box of tortilla chips	source	KI	1	no	yes	0						nacho_chips		pantry		1	22
nacho_chips	nacho chips	nacho chips|chips|nachos|tortilla chips	object		0	yes	yes	1										1	22
burritos	freezer of burritos	burritos|freezer|fridge|fridge-freezer|breakfast burritos|aunt sue	source	KI	1	no	yes	0						frozen_burrito				1	23
frozen_burrito	frozen burrito	burrito|frozen burrito|foil brick|breakfast burrito	object		0	yes	yes	1										1	24
cat_food_chicken	chicken cat food	chicken cat food|chicken|cat food	object		0	yes	yes	1										1	24
cat_food_salmon	salmon cat food	salmon cat food|salmon|cat food	object		0	yes	yes	1										1	25
cat_food_tuna	tuna cat food	tuna cat food|tuna|cat food	object		0	yes	yes	1										1	26
cat_food_expired	expired cat food	expired cat food|expired|off cat food	object		0	yes	yes	1										1	27
cat_food_gourmet	gourmet wet cat food	gourmet|gourmet cat food|good cat food|can|tin|gold can	object		0	yes	yes	1	1									1	28
herb_garden	herb garden	herb garden|herb bed|garden|lavender|sage|rosemary|herbs	source	CO	1	no	yes	0						herbs				1	29
herbs	herbs	herbs|sprigs|cut herbs|herb	object		0	yes	yes	1										1	30
pumpkins	pumpkins	pumpkins|pumpkin	fixture	CO	6	no	yes	0										1	31
watering_can	watering can	watering can|can|watering	fixture	CO	1	no	yes	0										1	32
stone_circle	stone circle	stone circle|stones|circle|chalk	fixture	CO	1	no	yes	0										1	33
sunhat	baby's sunhat	sunhat|hat|baby hat	fixture	CO	1	no	yes	0										1	34
rattle	wooden rattle	rattle|wooden rattle	fixture	CO	1	no	yes	0										1	35
picnic_blanket	picnic blanket	blanket|picnic blanket|rug	fixture	CO	1	no	yes	0										1	36
chocolate_book	hollowed-out book	hollow book|hollowed book|hollowed-out book|dimensional theory book|chocolate stash	source	LI	1	no	yes	0						dark_chocolate		bookshelves		1	37
dark_chocolate	dark chocolate	chocolate|dark chocolate|bar	object		0	yes	yes	1										1	37
elena_journal	research journal	research journal|elena's journal|journal	fixture	LI	1	no	yes	0								fireplace		1	38
david_legal_pad	legal pad	legal pad|pad|david's notes	fixture	LI	1	no	yes	0										1	39
copper_wire	twisted copper wire	copper wire|wire|copper	object		0	yes	yes	1										1	40
used_baby_bottle	used baby bottle	used bottle|bottle|baby bottle|dirty bottle	object		0	yes	yes	1				sanitized_baby_bottle	KI					1	41
sanitized_baby_bottle	sanitized baby bottle	clean bottle|sanitized bottle|sterilized bottle	object		0	yes	yes	1										1	42
dirty_diaper	dirty diaper	diaper|dirty diaper|nappy|dirty nappy	object		0	yes	yes	1										1	43
scorch_circle	scorch circle	scorch circle|scorch marks|burn|circle	fixture	SE	1	no	yes	0										1	43
ritual_diagram	ritual diagram	ritual diagram|diagram|drawing	fixture	SE	1	no	yes	0								library_shelves		1	44
cracked_mirrors	cracked mirrors	cracked mirrors|mirrors|mirror	fixture	SE	3	no	yes	0										1	45
empty_cat_bed	empty cat bed	cat bed|bed|empty cat bed	fixture	SE	1	no	yes	0										1	46
spirit_board	spirit board	spirit board|board|ouija|planchette	fixture	SE	1	no	yes	0										1	47
key_nail	ring of iron keys	keys|key ring|ring of keys|iron keys|nail|skeleton keys	source	SE	1	no	yes	0						skeleton_key		library_shelves		1	48
skeleton_key	skeleton key	skeleton key|key|iron key	object		0	yes	no	0	1									1	48
rolltop_desk	roll-top desk	roll-top desk|desk|rolltop|papers	fixture	UH	1	no	yes	0										1	49
reading_glasses	reading glasses	glasses|reading glasses|specs	object	UH	1	no	yes	1								rolltop_desk		1	50
door_manual	door-hardware manual	manual|door manual|hardware manual	fixture	UH	1	no	yes	0										1	51
crowbar	small crowbar	crowbar|pry bar|bar	fixture	UH	1	no	yes	0										1	52
bad_smell	bad smell	bad smell|smell|stink|stench|odour|odor	fixture	UH	1	no	yes	0										1	53
oak_wardrobe	oak wardrobe	wardrobe|oak wardrobe|closet	fixture	UH	1	no	yes	0										1	54
faded_portraits	faded portraits	portraits|paintings|photographs|pictures	fixture	UH	1	no	yes	0										1	55
halloween_box	Halloween box	halloween box|moving box|box	fixture	BE	1	no	yes	0										1	56
carving_tools	carving tools	carving tools|tools|carving kit	object		0	yes	no	0	1									1	57
costume	costume	costume|cape|vampire cape|witch hat	object		0	yes	yes	1										1	58
cookie_cutters	pumpkin cookie cutters	cookie cutters|cutters	fixture	BE	1	no	yes	0										1	59
spider_web	fake spider web	spider web|web|cobweb	fixture	BE	1	no	yes	0										1	60
welcome_mat	welcome mat	welcome mat|doormat|mat	fixture	BE	1	no	yes	0										1	61
cat_collar	cat collar	collar|cat collar|tag	object	BE	1	yes	yes	1										1	62
dresser_mirror	dresser mirror	dresser mirror|mirror|tall mirror	fixture	BE	1	no	yes	0										1	63
laptop	laptop	laptop|computer|notebook	fixture	BE	1	no	yes	0										1	64
baby_monitor	baby monitor	baby monitor|monitor	fixture	NU	1	no	yes	0										1	65
graphite_powder	graphite powder	graphite|graphite powder|powder	object		0	yes	yes	5										1	66
music_box	music box	music box|musicbox|box	object	NU	1	yes	yes	1										1	67
david_note	note from David	note|david's note|pinned note	fixture	NU	1	no	yes	0										1	68
mobile	mobile	mobile|crib mobile	fixture	NU	1	no	yes	0										1	69
pacifier	pacifier	pacifier|dummy|soother	fixture	NU	1	no	yes	0										1	70
crib	crib	crib|cot|bed	fixture	NU	1	no	yes	0										1	71
coat_rack	coat rack	coat rack|rack|coats|jackets	fixture	EN	1	no	yes	0										1	72
front_door	front door	front door|door|entrance	fixture	EN	1	no	yes	0										1	73
ceiling	ceiling	ceiling|water stain|stain	fixture	EN	1	no	yes	0										1	74
dining_table	long table	table|dining table|long table|wooden table	fixture	DI	1	no	yes	0										1	75
plates	plates	plates|plate|dinner plates	fixture	DI	1	no	yes	0										1	76
high_chair	high chair	high chair|highchair|tray	fixture	DI	1	no	yes	0										1	77
chairs	dining chairs	chairs|dining chairs|chair	fixture	DI	1	no	yes	0										1	78
wine_glass	wine glass	wine glass|glass|wine	fixture	DI	1	no	yes	0										1	79
sideboard	sideboard	sideboard|buffet	fixture	DI	1	no	yes	0										1	80
flowers	vase of flowers	flowers|vase|wilting flowers	fixture	DI	1	no	yes	0										1	81
tall_windows	tall windows	windows|window|tall windows	fixture	DI	1	no	yes	0										1	82
pantry	pantry	pantry|pantry door|cupboard|larder	fixture	KI	1	no	yes	0										1	83
drying_rack	drying rack	drying rack|rack|dish rack	fixture	KI	1	no	yes	0										1	84
counter	counter	counter|countertop|worktop	fixture	KI	1	no	yes	0										1	85
ivy	ivy	ivy|creeper|vines	fixture	CO	1	no	yes	0										1	86
stone_wall	stone wall	stone wall|wall|garden wall	fixture	CO	1	no	yes	0										1	87
bench	stone bench	bench|stone bench|seat	fixture	CO	1	no	yes	0										1	88
sofa	sofa	sofa|couch|settee	fixture	LI	1	no	yes	0										1	89
armchairs	armchairs	armchairs|armchair|chairs	fixture	LI	1	no	yes	0										1	90
fireplace	fireplace	fireplace|hearth|fire|chimney	fixture	LI	1	no	yes	0										1	91
bookshelves	bookshelves	bookshelves|bookshelf|books|shelves	fixture	LI	1	no	yes	0										1	92
bare_wall	bare patch of wall	bare wall|bare patch|patch of wall|blank wall	fixture	LI	1	no	yes	0										1	93
baby_blanket	baby blanket	baby blanket|blanket	fixture	LI	1	no	yes	0										1	94
soft_blocks	soft blocks	soft blocks|blocks|toys	fixture	LI	1	no	yes	0										1	95
rug	rug	rug|carpet	fixture	LI	1	no	yes	0										1	96
library_shelves	library shelves	shelves|bookshelves|books|thrillers	fixture	SE	1	no	yes	0										1	97
baby_clothes	baby clothes	baby clothes|clothes|laundry|railing	fixture	UH	1	no	yes	0										1	98
bed	unmade bed	bed|unmade bed|pillow|pillows|duvet	fixture	BE	1	no	yes	0										1	99
dresser	dresser	dresser|chest of drawers|drawers	fixture	BE	1	no	yes	0										1	100
bottle_warmer	bottle warmer	bottle warmer|warmer	fixture	BE	1	no	yes	0										1	101
nightstand	nightstand	nightstand|bedside table|night stand	fixture	BE	1	no	yes	0										1	102
changing_table	changing table	changing table|change table|table	fixture	NU	1	no	yes	0										1	103
nursery_shelf	shelf	shelf|shelves|nursery shelf	fixture	NU	1	no	yes	0										1	104
nursery_window	window	window|windowsill|sill	fixture	NU	1	no	yes	0										1	105
cat_food_stash_pantry	stack of tuna cat food	tuna cat food|tuna|cat food|cans|stack|stash	source	KI	1	no	yes	0						cat_food_tuna		pantry		1	106
cat_food_stash_sofa	stash of chicken cat food	chicken cat food|chicken|cat food|cans|stash	source	LI	1	no	yes	0						cat_food_chicken		sofa		1	107
cat_food_stash_hall	pack of salmon cat food	salmon cat food|salmon|cat food|cans|flat|stash|pack|pack of cat food	source	EN	1	no	yes	0						cat_food_salmon		coat_rack		1	108
cat_food_stash_drawer	cans of expired cat food	expired cat food|expired|cat food|cans|drawer|stash|drawer of expired cat food|drawer of cat food	source	UH	1	no	yes	0			drawer_unjammed			cat_food_expired		rolltop_desk		1	109
graphite_tin	tin of graphite powder	graphite|graphite powder|tin|graphite tin	source	NU	1	no	yes	0						graphite_powder				1	110
cat_food_stash_bed	crate of chicken cat food	chicken cat food|chicken|cat food|cans|crate|stash	source	BE	1	no	yes	0						cat_food_chicken		bed		1	111
cat_food_stash_sideboard	cupboard of salmon cat food	salmon cat food|salmon|cat food|cans|cupboard|stash	source	DI	1	no	yes	0						cat_food_salmon		sideboard		1	112
copper_wire_coil	coil of copper wire	copper wire|wire|copper|coil	source	SE	1	no	yes	0						copper_wire				1	113
carving_tool_sleeve	carving tool sets	carving tools|tools|carving kit|sleeve|sets	source	BE	1	no	yes	0						carving_tools		halloween_box		1	114
costume_pile	pile of costumes	costumes|costume|costume pile|pile	source	BE	1	no	yes	0						costume		halloween_box		1	115
ED	arched doorway	arch|arched doorway|dining room|dining	exit	EN	1	no	yes	0							DI			1	116
DE	arched doorway	arch|arched doorway|entryway|hall	exit	DI	1	no	yes	0							EN			1	117
EL	wide doorway	wide doorway|living room|living	exit	EN	1	no	yes	0							LI			1	118
LE	wide doorway	wide doorway|doorway|entryway|hall	exit	LI	1	no	yes	0							EN			1	119
EH	main staircase	main staircase|staircase|stairs|banister|upstairs|grand staircase	exit	EN	1	no	yes	0							UH			1	120
HE	main staircase	main staircase|staircase|stairs|downstairs	exit	UH	1	no	yes	0							EN			1	121
DK	swinging door	swinging door|kitchen door|kitchen	exit	DI	1	no	yes	0							KI			1	122
KD	swinging door	swinging door|dining room|dining	exit	KI	1	no	yes	0							DI			1	123
KC	back door	back door|courtyard|garden|outside|glazed back door|glass door	exit	KI	1	no	yes	0							CO			1	124
CK	back door	back door|kitchen|inside|door|kitchen door|steps	exit	CO	1	no	yes	0							KI			1	125
KH	back stairs	back stairs|back staircase|narrow stairs|upstairs|pantry stairs	exit	KI	1	no	yes	0							UH			1	126
HK	back stairs	back stairs|back staircase|narrow stairs|kitchen	exit	UH	1	no	yes	0							KI			1	127
LS	curiosity cabinet	curiosity cabinet|cabinet|glass cabinet	exit	LI	1	no	yes	0							SE			1	128
SL	back of the cabinet	cabinet|back of the cabinet|door|living room|heavy cabinet|keyhole	exit	SE	1	no	yes	0							LI			1	129
CS	oak tree	oak tree|tree|oak|window	exit	CO	1	no	yes	0							SE			1	130
SC	library window	window|library window|sill	exit	SE	1	no	yes	0							CO			1	131
HB	bedroom door	bedroom door|bedroom	exit	UH	1	no	yes	0							BE			1	132
BH	bedroom door	bedroom door|hallway|door|out|panelled door	exit	BE	1	no	yes	0							UH			1	133
HN	nursery door	nursery door|nursery|green door|sage door	exit	UH	1	no	yes	0							NU			1	134
NH	nursery door	nursery door|hallway|door|out|sage door|green door	exit	NU	1	no	yes	0							UH			1	135
cake_box	cake box	cake box|white box|bakery box|caramel apple cake|cake	fixture	KI	1	no	yes	0										1	136
cat_food_stash_gourmet	cans of gourmet cat food	gourmet cans|two cans|gourmet wet food|gourmet wet cat food|gourmet food|gourmet|gourmet cat food|good cat food|fancy cat food|gold cans	source	KI	1	no	yes	0						cat_food_gourmet		cake_box		1	137
